Brand,GPU Model,Article Title,Article URL
NVIDIA,RTX 5060,NVIDIA GeForce RTX 5060: All We Know So Far,https://www.xtremegaminerd.com/nvidia-geforce-rtx-5060/
NVIDIA,RTX 5060,NVIDIA RTX 5060 - Everything We Know So Far,https://www.overclockers.co.uk/blog/nvidia-rtx-5060-everything-we-know-so-far/
NVIDIA,RTX 5060,Nvidia GeForce RTX 5060 Laptop Performance Preview,https://www.notebookcheck.net/Nvidia-GeForce-RTX-5060-Laptop-Performance-Preview-Almost-at-the-level-of-the-RTX-5070-Laptop.1023497.0.html
NVIDIA,RTX 5060,Nvidia confirms RTX 5060 black screens and compatibility issues with certain motherboards,https://www.neowin.net/news/nvidia-confirms-rtx-5060-black-screens-and-compatibility-issues-with-certain-motherboards/
NVIDIA,RTX 5060,Nvidia's RTX 5060 Review Debacle Should Be a Wake-Up Call,https://tech.slashdot.org/story/25/05/22/2025241/nvidias-rtx-5060-review-debacle-should-be-a-wake-up-call
NVIDIA,RTX 5060,"I just reviewed the Nvidia GeForce RTX 5060, and it has one major flaw that severely hurts it",https://www.pcgamesn.com/nvidia/geforce-rtx-5060-review
NVIDIA,RTX 5060,4 graphics cards you should consider instead of the RTX 5060,https://www.digitaltrends.com/computing/4-gpus-to-buy-instead-of-rtx-5060/
NVIDIA,RTX 5060,Nvidia GeForce RTX 5060 Review: They Didn't Want This Out,https://www.techspot.com/review/2992-nvidia-geforce-rtx-5060/
NVIDIA,RTX 5060,Nvidia's RTX 5060 review debacle should be a wake-up call for gamers and reviewers,https://www.theverge.com/pc-gaming/672637/nvidia-rtx-5060-review-meddling-gamersnexus-wake-up-call
NVIDIA,RTX 5060,Nvidia RTX 5060 review live: looks like the 8 GB of VRAM isn't the biggest issue the new card has to face,https://www.pcgamer.com/hardware/live/news/nvidia-rtx-5060-review-doing-it-live/
NVIDIA,RTX 5060 Ti,ASUS GeForce RTX 5060 Ti Prime review,https://www.guru3d.com/review/asus-geforce-rtx-5060-ti-prime-review/
NVIDIA,RTX 5060 Ti,NVIDIA GeForce RTX 5060 Ti: All We Know So Far,https://www.xtremegaminerd.com/nvidia-geforce-rtx-5060/
NVIDIA,RTX 5060 Ti,GeForce RTX 5060 Ti 8GB performance revealed,https://hardforum.com/threads/geforce-rtx-5060-ti-8gb-performance-revealed-the-review-that-nvidia-doesnt-want-you-to-see.2040920/
NVIDIA,RTX 5060 Ti,8GB and 16GB Nvidia GeForce RTX 5060 Ti GPUs listed,https://overclock3d.net/news/gpu-displays/8gb-and-16gb-nvidia-geforce-rtx-5060-ti-gpus-listed/
NVIDIA,RTX 5060 Ti,GeForce RTX 5060 Ti Review with ZOTAC GAMING,https://smallformfactor.net/articles/geforce-rtx-5060-ti-review-with-zotac-gaming-rtx-5060-ti-twin-edge-oc/
NVIDIA,RTX 5060 Ti,Review: PNY GeForce RTX 5060 Ti OC,https://www.wired.com/review/pny-geforce-rtx-5060-ti-oc
NVIDIA,RTX 5060 Ti,ZOTAC GAMING GeForce RTX 5060 Ti Twin Edge OC Review,https://www.techpowerup.com/review/zotac-gaming-geforce-rtx-5060-ti-twin-edge-oc/
NVIDIA,RTX 5060 Ti,More Marketing BS: NVIDIA GeForce RTX 5060 Ti Review,https://gamersnexus.net/gpus/more-marketing-bs-nvidia-geforce-rtx-5060-ti-review-benchmarks-vs-gtx-1060-4060-ti-more
NVIDIA,RTX 5060 Ti,Nvidia GeForce RTX 5060 Ti Review,https://www.techspot.com/review/2992-nvidia-geforce-rtx-5060/
NVIDIA,RTX 5060 Ti,"Nvidia GeForce RTX 5060 Ti 16GB: Great at MSRP, but retail prices could be a problem",https://www.tomshardware.com/pc-components/gpus/nvidia-geforce-rtx-5060-ti-16gb-review/10
NVIDIA,RTX 5070,Nvidia GeForce RTX 5070 review: an RTX 4070 Super with a DLSS 4 badge,https://www.rockpapershotgun.com/nvidia-geforce-rtx-5070-review
NVIDIA,RTX 5070,RTX 5070 stock: Nvidia's Founder's Edition GPU is available in the UK,https://www.gamesradar.com/hardware/desktop-pc/where-to-buy-rtx-5070/
NVIDIA,RTX 5070,Nvidia GeForce RTX 5070 Review: A New Contender,https://siriuspowerpc.com/nvidia-geforce-rtx-5070-review/
NVIDIA,RTX 5070,Nvidia GeForce RTX 5070 review and benchmarks,https://cirrkus.com/news/trends/nvidia-geforce-rtx-5070-review-and-benchmarks/21332255/
NVIDIA,RTX 5070,NVIDIA GeForce RTX 5070 Content Creation Review,https://www.pugetsystems.com/labs/articles/nvidia-geforce-rtx-5070-content-creation-review/
NVIDIA,RTX 5070,NVIDIA GeForce RTX 5070 Founders Edition Review,https://www.storagereview.com/review/nvidia-geforce-rtx-5070-founders-edition-ai-on-a-budget
NVIDIA,RTX 5070,NVIDIA is Selling Lies | RTX 5070 Founders Edition Review,https://gamersnexus.net/gpus/nvidia-selling-lies-rtx-5070-founders-edition-review-benchmarks
NVIDIA,RTX 5070,Nvidia GeForce RTX 5070 review: $549 price and performance look familiar,https://www.tomshardware.com/pc-components/gpus/nvidia-geforce-rtx-5070-review-founders-edition
NVIDIA,RTX 5070,NVIDIA GeForce RTX 5070 Founders Edition Review,https://www.techpowerup.com/review/nvidia-geforce-rtx-5070-founders-edition/
NVIDIA,RTX 5070,Nvidia GeForce RTX 5070 Review,https://www.techspot.com/review/2960-nvidia-geforce-rtx-5070/
NVIDIA,RTX 5070Ti ,"Nvidia GeForce RTX 5070 Ti review: bad start, decent GPU",https://en.pressbee.net/show3746160.html?title=nvidia-geforce-rtx-5070-ti-review-bad-start-decent-gpu
NVIDIA,RTX 5070Ti ,ASUS Prime NVIDIA Geforce RTX 5070 Ti GPU Review,https://www.cgmagonline.com/review/hardware/nvidia-geforce-rtx-5070-ti-gpu/
NVIDIA,RTX 5070Ti ,ASUS Prime GeForce RTX 5070 Ti Review,https://www.storagereview.com/review/asus-prime-geforce-rtx-5070-ti-review
NVIDIA,RTX 5070Ti ,RTX 5070 Ti vs RX 9070 XT: Which GPU is right for you?,https://www.techradar.com/computing/gpu/nvidia-rtx-5070-ti-vs-amd-rx-9070-xt-which-gpu-is-right-for-you
NVIDIA,RTX 5070Ti ,"What it's like to use the RTX 5070 Ti, before and after a much-needed PC overhaul",https://www.polygon.com/review/533860/nvidia-rtx-5070-ti-review-3070-upgrade-worth-it
NVIDIA,RTX 5070Ti ,Nvidia GeForce RTX 5070 Ti review: a cheaper RTX 4080,https://www.theverge.com/gpu-reviews/615075/nvidia-rtx-5070-ti-review-test-benchmark
NVIDIA,RTX 5070Ti ,Do Not Buy: NVIDIA RTX 5070 Ti GPU Absurdity,https://gamersnexus.net/gpus/do-not-buy-nvidia-rtx-5070-ti-gpu-absurdity-benchmarks-review
NVIDIA,RTX 5070Ti ,MSI GeForce RTX 5070 Ti Gaming Trio OC+ Review,https://www.techpowerup.com/review/msi-geforce-rtx-5070-ti-gaming-trio-oc/
NVIDIA,RTX 5070Ti ,Nvidia GeForce RTX 5070 Ti Review,https://www.techspot.com/review/2955-nvidia-geforce-rtx-5070-ti/
NVIDIA,RTX 5070Ti ,Nvidia GeForce RTX 5070 Ti review: A proper high-end GPU,https://www.tomshardware.com/pc-components/gpus/nvidia-geforce-rtx-5070-ti-review-asus
NVIDIA,RTX 5080,Are bigger gaming laptops really better? Here's how an RTX 5080 beat an RTX 5090,https://www.laptopmag.com/laptops/gaming-laptops-pcs/nvidia-rtx-5080-vs-rtx-5090-gaming-laptops
NVIDIA,RTX 5080,Review: NVIDIA GeForce RTX 5080 Founders Edition (reference),https://www.guru3d.com/review/review-nvidia-geforce-rtx-5080-founders-edition-reference/
NVIDIA,RTX 5080,Nvidia GeForce RTX 5080 review: More like a 4080 Super Super,https://arstechnica.com/gadgets/2025/01/nvidia-geforce-rtx-5080-review-more-like-a-4080-super-super/
NVIDIA,RTX 5080,Review: Nvidia GeForce RTX 5080 Founders Edition,https://www.wired.com/review/nvidia-geforce-rtx-5080-fe-review
NVIDIA,RTX 5080,RTX 5080 review: a great GPU that you probably can't get right now,https://www.polygon.com/review/540006/rtx-5080-review-nvidia-graphics-card-gpu
NVIDIA,RTX 5080,Nvidia GeForce RTX 5080 review: a new king of 4K is here,https://www.theverge.com/2025/1/23/598045/nvidia-geforce-rtx-5080-review-a-new-king-of-4k-is-here
NVIDIA,RTX 5080,NVIDIA GeForce RTX 5080 Founders Edition Review & Benchmarks,https://gamersnexus.net/gpus/nvidia-geforce-rtx-5080-founders-edition-review-benchmarks-vs-5090-7900-xtx-4080-more
NVIDIA,RTX 5080,NVIDIA GeForce RTX 5080 Founders Edition Review,https://www.techpowerup.com/review/nvidia-geforce-rtx-5080-founders-edition/
NVIDIA,RTX 5080,Nvidia GeForce RTX 5080 Review,https://www.techspot.com/review/2947-nvidia-geforce-rtx-5080/
NVIDIA,RTX 5080,Nvidia GeForce RTX 5080 Founders Edition review,https://www.tomshardware.com/pc-components/gpus/nvidia-geforce-rtx-5080-review
NVIDIA,RTX 5090,Nvidia GeForce RTX 5090 Founders Edition review,https://www.tomshardware.com/pc-components/gpus/nvidia-geforce-rtx-5090-review
NVIDIA,RTX 5090,Nvidia GeForce RTX 5090 Review,https://www.techspot.com/review/2944-nvidia-geforce-rtx-5090/
NVIDIA,RTX 5090,Nvidia GeForce RTX 5090 FE review,https://www.pcgamer.com/hardware/graphics-cards/nvidia-geforce-rtx-5090-fe-review/
NVIDIA,RTX 5090,Nvidia GeForce RTX 5090 review: a new king of 4K is here,https://www.theverge.com/2025/1/23/24349619/nvidia-rtx-5090-review-test-benchmark
NVIDIA,RTX 5090,NVIDIA GeForce RTX 5090 Founders Edition Review & Benchmarks,https://gamersnexus.net/gpus/nvidia-geforce-rtx-5090-founders-edition-review-benchmarks-gaming-thermals-power
NVIDIA,RTX 5090,NVIDIA GeForce RTX 5090 Founders Edition Review,https://www.techpowerup.com/review/nvidia-geforce-rtx-5090-founders-edition/
NVIDIA,RTX 5090,Review: Nvidia GeForce RTX 5090 Founders Edition,https://www.wired.com/review/nvidia-rtx-5090-fe-review
NVIDIA,RTX 5090,The RTX 5090 is the best and most unnecessary GPU you can buy,https://www.polygon.com/gaming/545482/rtx-5090-review-nvidia-graphics-card-gpu
NVIDIA,RTX 5090,MSI RTX 5090 Suprim SOC review,https://www.pcgamer.com/hardware/graphics-cards/msi-rtx-5090-suprim-soc-review/
NVIDIA,RTX 5090,ASUS GeForce RTX 5090 TUF Review,https://www.techpowerup.com/review/asus-geforce-rtx-5090-tuf/
AMD,RX 9070 XT,"AMD Radeon RX 9070 XT and RX 9070 review: Excellent value, if supply is good",https://www.tomshardware.com/pc-components/gpus/amd-radeon-rx-9070-xt-review
AMD,RX 9070 XT,AMD Radeon RX 9070 XT Review,https://www.techspot.com/review/2961-amd-radeon-9070-xt/
AMD,RX 9070 XT,Sapphire Radeon RX 9070 XT Nitro+ Review,https://www.techpowerup.com/review/sapphire-radeon-rx-9070-xt-nitro/
AMD,RX 9070 XT,AMD Radeon RX 9070 / 9070 XT review: Nvidia gets some big next-gen competition,https://www.theverge.com/gpu-reviews/624423/amd-radeon-rx-9070-xt-review-benchmarks-price
AMD,RX 9070 XT,AMD Radeon RX 9070 XT Content Creation Review,https://www.pugetsystems.com/labs/articles/amd-radeon-rx-9070-xt-content-creation-review/
AMD,RX 9070 XT,RTX 5070 Ti vs RX 9070 XT: Which GPU is right for you?,https://www.techradar.com/computing/gpu/nvidia-rtx-5070-ti-vs-amd-rx-9070-xt-which-gpu-is-right-for-you
AMD,RX 9070 XT,"AMD Radeon RX 9070 XT release date, price, and specs",https://www.pcgamesn.com/amd/radeon-rx-9070-xt-guide
AMD,RX 9070 XT,"AMD Radeon RX 9070 XT: Everything We Know, Specs, Performance, Price, and Release Date",https://www.xtremegaminerd.com/amd-radeon-rx-9070-xt/
AMD,RX 9070 XT,AMD Radeon RX 9070 XT: Everything You Need To Know,"https://www.forbes.com/sites/antonyleather/2024/12/31/amd-radeon-rx-9070-xt-everything-you-need-to-know/
"
AMD,RX 9070,AMD Radeon RX 9070 Review,https://www.techspot.com/review/2962-amd-radeon-9070/
AMD,RX 9070,"Incredibly Efficient: AMD RX 9070 GPU Review & Benchmarks vs 9070 XT, RTX 5070",https://gamersnexus.net/gpus/incredibly-efficient-amd-rx-9070-gpu-review-benchmarks-vs-9070-xt-rtx-5070
AMD,RX 9070,AMD Radeon RX 9070 review: a great choice if the 9070 XT is out of reach,https://www.techradar.com/computing/gpu/amd-radeon-rx-9070
AMD,RX 9070,"AMD Radeon RX 9070 release date window, rumored price and specs",https://www.pcgamesn.com/amd/radeon-rx-9070-guide
AMD,RX 9070,AMD Radeon RX 9070 and 9070 XT Announced,https://www.servethehome.com/amd-radeon-rx-9070-and-9070-xt-announced/
AMD,RX 9070,ASUS Radeon RX 9070 XT TUF OC Review,https://www.techpowerup.com/forums/threads/9070xt-which-one.337123/
AMD,RX 9070,The AMD Radeon RX 9070 XT gaming GPU is finally here to take on the RTX 5070,https://www.pcgamesn.com/amd/radeon-rx-9070-xt-announced
AMD,RX 9070,The best 1440p graphics cards in 2025: my top picks for midrange GPUs,https://www.techradar.com/news/best-1440p-graphics-cards-2019-the-best-gpus-for-1440p-gaming
AMD,RX 9070,The best graphics card in 2025: our picks for all budgets,https://www.techradar.com/news/computing-components/graphics-cards/best-graphics-cards-1291458
general,article,GeForce RTX 50 Series Graphics Cards & Laptops Powered by NVIDIA,https://www.nvidia.com/en-us/geforce/news/rtx-50-series-graphics-cards-gpu-laptop-announcements/
general,article,NVIDIA Blackwell GeForce RTX 50 Series Opens New World of AI Computer Graphics,https://nvidianews.nvidia.com/news/nvidia-blackwell-geforce-rtx-50-series-opens-new-world-of-ai-computer-graphics
general,article,Computex 2025 Live – Our Picks for Best of Show and All the Biggest News About the Future of Computing,https://www.tomsguide.com/news/live/computex-2025
general,article,The Sequel to Nvidia's Most Popular GPU Hits Shelves Today—With No Reviews,https://www.wired.com/story/nvidia-rtx-5060
general,article,I Don't Understand the RTX 50-Series Hype,https://linustechtips.com/topic/1595927-i-dont-understand-the-rtx-50-series-hype/
general,article,AMD Unveils Next-Generation AMD RDNA™ 4 Architecture with the Radeon RX 9000 Series,https://www.amd.com/en/newsroom/press-releases/2025-2-28-amd-unveils-next-generation-amd-rdna-4-architectu.html
general,article,AMD RDNA 4 and Radeon RX 9000-Series GPUs Start at $549,https://www.tomshardware.com/pc-components/gpus/amd-rdna4-rx-9000-series-gpus-specifications-pricing-release-date
general,article,What You Need to Know About AMD's RX 90 Series,https://www.xda-developers.com/amd-rx-9000-series-facts-pc-building/
general,article,"AMD Teases Radeon RX 9000 Series Launch Event, Date Not Specified",https://www.techpowerup.com/331197/amd-teases-radeon-rx-9000-series-launch-event-date-not-specified
general,article,AMD Radeon RX 9060 XT Graphics Cards Could Launch Shortly After Computex 2025,https://www.techpowerup.com/335547/amd-radeon-rx-9060-xt-graphics-cards-could-launch-shortly-after-computex-2025
general,article,"AMD Radeon RX 9060 XT Launches on June 5, Starting at $299",https://www.tomshardware.com/pc-components/gpus/amd-radeon-rx-9060-xt-launches-on-june-5-starting-at-usd299
general,article,AMD's New RX 9060 XT Looks Set to Challenge Nvidia's RTX 5060 GPUs,https://www.theverge.com/news/670285/amd-radeon-rx-9060-xt-announcement-computex
general,article,"AMD Insists It Was Right to Make an 8GB Version of RX 9060 XT GPU, but PC Gamers Are Finding It Easy to Be Cynical About This Model",https://www.techradar.com/computing/gpu/amd-insists-it-was-right-to-make-an-8gb-version-of-rx-9060-xt-gpu-but-pc-gamers-are-finding-it-easy-to-be-cynical-about-this-model
general,article,Wired – The Essential CPU and GPU Field Guide for 2025,https://www.wired.com/story/intel-amd-qualcomm-nvidia-new-cpus-and-gpus-ces-2025